{"EngiBag":{"listInventory":["java.util.ArrayList",[["entities.engimon.Geni",{"name":"pokemon2","life":3,"level":5,"skills":[{"name":"Bakar Bakar","basePower":100,"masteryLevel":1,"elements":["java.util.EnumSet<enums.Elements>",["FIRE"]]},null,null,null],"parents":null,"elements":["java.util.EnumSet<enums.Elements>",["FIRE"]],"location":{"x":21,"y":20},"hasParent":false,"exp":0,"cumulative_exp":0,"isTame":true,"engiImg":null,"engiTiles":null,"BORDER_UP":10,"BORDER_DOWN":645,"BORDER_LEFT":0,"BORDER_RIGHT":645,"xpos":21,"ypos":20,"speed":7,"nRandoms":0,"whereRandom":-1,"engiwidth":0,"engiheight":0,"speciesName":"Geni","jumlahSkill":1,"fullSkills":false,"cumExp":0,"engiWidth":0,"engiHeight":0}],["entities.engimon.Geni",{"name":"pokemon4","life":3,"level":1,"skills":[{"name":"Bakar Bakar","basePower":100,"masteryLevel":1,"elements":["java.util.EnumSet<enums.Elements>",["FIRE"]]},null,null,null],"parents":null,"elements":["java.util.EnumSet<enums.Elements>",["FIRE"]],"location":{"x":23,"y":20},"hasParent":false,"exp":0,"cumulative_exp":0,"isTame":true,"engiImg":null,"engiTiles":null,"BORDER_UP":10,"BORDER_DOWN":645,"BORDER_LEFT":0,"BORDER_RIGHT":645,"xpos":23,"ypos":20,"speed":7,"nRandoms":0,"whereRandom":-1,"engiwidth":0,"engiheight":0,"speciesName":"Geni","jumlahSkill":1,"fullSkills":false,"cumExp":0,"engiWidth":0,"engiHeight":0}],["entities.engimon.Teles",{"name":"pokemon3","life":3,"level":5,"skills":[{"name":"Jebyur","basePower":100,"masteryLevel":1,"elements":["java.util.EnumSet<enums.Elements>",["WATER"]]},null,null,null],"parents":null,"elements":["java.util.EnumSet<enums.Elements>",["WATER"]],"location":{"x":22,"y":20},"hasParent":false,"exp":0,"cumulative_exp":0,"isTame":true,"engiImg":null,"engiTiles":null,"BORDER_UP":10,"BORDER_DOWN":645,"BORDER_LEFT":0,"BORDER_RIGHT":645,"xpos":22,"ypos":20,"speed":7,"nRandoms":0,"whereRandom":-1,"engiwidth":0,"engiheight":0,"speciesName":"Teles","jumlahSkill":1,"fullSkills":false,"cumExp":0,"engiWidth":0,"engiHeight":0}],["entities.engimon.Teles",{"name":"pokemon1","life":3,"level":1,"skills":[{"name":"Jebyur","basePower":100,"masteryLevel":1,"elements":["java.util.EnumSet<enums.Elements>",["WATER"]]},null,null,null],"parents":null,"elements":["java.util.EnumSet<enums.Elements>",["WATER"]],"location":{"x":20,"y":20},"hasParent":false,"exp":0,"cumulative_exp":0,"isTame":true,"engiImg":null,"engiTiles":null,"BORDER_UP":10,"BORDER_DOWN":645,"BORDER_LEFT":0,"BORDER_RIGHT":645,"xpos":20,"ypos":20,"speed":7,"nRandoms":0,"whereRandom":-1,"engiwidth":0,"engiheight":0,"speciesName":"Teles","jumlahSkill":1,"fullSkills":false,"cumExp":0,"engiWidth":0,"engiHeight":0}]]]},"SkillItemBag":{"listInventory":["java.util.ArrayList",[{"skillItemId":4,"skill":{"name":"nglamun","basePower":400,"masteryLevel":2,"elements":["java.util.EnumSet<enums.Elements>",["ELECTRIC"]]}},{"skillItemId":2,"skill":{"name":"mangan","basePower":300,"masteryLevel":2,"elements":["java.util.EnumSet<enums.Elements>",["WATER"]]}},{"skillItemId":1,"skill":{"name":"lari","basePower":200,"masteryLevel":2,"elements":["java.util.EnumSet<enums.Elements>",["WATER"]]}},{"skillItemId":3,"skill":{"name":"turu","basePower":200,"masteryLevel":2,"elements":["java.util.EnumSet<enums.Elements>",["WATER"]]}}]],"jumlahTiapItem":["java.util.ArrayList",[1,1,1,1]]},"elementAdvantage":[[1.0,0.0,1.0,0.5,2.0],[2.0,1.0,0.0,1.0,1.0],[1.0,2.0,1.0,0.0,1.5],[1.5,1.0,2.0,1.0,0.0],[0.0,1.0,0.5,2.0,1.0]],"idxCurrActiveEngimon":1,"plocation":{"x":0,"y":0},"playerAvatar":null,"speed":10,"engiTiles":null,"xpos":300,"ypos":300,"playerwidth":0,"playerheight":0,"activeEngimon":["entities.engimon.Geni",{"name":"pokemon2","life":3,"level":5,"skills":[{"name":"Bakar Bakar","basePower":100,"masteryLevel":1,"elements":["java.util.EnumSet<enums.Elements>",["FIRE"]]},null,null,null],"parents":null,"elements":["java.util.EnumSet<enums.Elements>",["FIRE"]],"location":{"x":21,"y":20},"hasParent":false,"exp":0,"cumulative_exp":0,"isTame":true,"engiImg":null,"engiTiles":null,"BORDER_UP":10,"BORDER_DOWN":645,"BORDER_LEFT":0,"BORDER_RIGHT":645,"xpos":21,"ypos":20,"speed":7,"nRandoms":0,"whereRandom":-1,"engiwidth":0,"engiheight":0,"speciesName":"Geni","jumlahSkill":1,"fullSkills":false,"cumExp":0,"engiWidth":0,"engiHeight":0}],"engiBag":{"listInventory":["java.util.ArrayList",[["entities.engimon.Geni",{"name":"pokemon2","life":3,"level":5,"skills":[{"name":"Bakar Bakar","basePower":100,"masteryLevel":1,"elements":["java.util.EnumSet<enums.Elements>",["FIRE"]]},null,null,null],"parents":null,"elements":["java.util.EnumSet<enums.Elements>",["FIRE"]],"location":{"x":21,"y":20},"hasParent":false,"exp":0,"cumulative_exp":0,"isTame":true,"engiImg":null,"engiTiles":null,"BORDER_UP":10,"BORDER_DOWN":645,"BORDER_LEFT":0,"BORDER_RIGHT":645,"xpos":21,"ypos":20,"speed":7,"nRandoms":0,"whereRandom":-1,"engiwidth":0,"engiheight":0,"speciesName":"Geni","jumlahSkill":1,"fullSkills":false,"cumExp":0,"engiWidth":0,"engiHeight":0}],["entities.engimon.Geni",{"name":"pokemon4","life":3,"level":1,"skills":[{"name":"Bakar Bakar","basePower":100,"masteryLevel":1,"elements":["java.util.EnumSet<enums.Elements>",["FIRE"]]},null,null,null],"parents":null,"elements":["java.util.EnumSet<enums.Elements>",["FIRE"]],"location":{"x":23,"y":20},"hasParent":false,"exp":0,"cumulative_exp":0,"isTame":true,"engiImg":null,"engiTiles":null,"BORDER_UP":10,"BORDER_DOWN":645,"BORDER_LEFT":0,"BORDER_RIGHT":645,"xpos":23,"ypos":20,"speed":7,"nRandoms":0,"whereRandom":-1,"engiwidth":0,"engiheight":0,"speciesName":"Geni","jumlahSkill":1,"fullSkills":false,"cumExp":0,"engiWidth":0,"engiHeight":0}],["entities.engimon.Teles",{"name":"pokemon3","life":3,"level":5,"skills":[{"name":"Jebyur","basePower":100,"masteryLevel":1,"elements":["java.util.EnumSet<enums.Elements>",["WATER"]]},null,null,null],"parents":null,"elements":["java.util.EnumSet<enums.Elements>",["WATER"]],"location":{"x":22,"y":20},"hasParent":false,"exp":0,"cumulative_exp":0,"isTame":true,"engiImg":null,"engiTiles":null,"BORDER_UP":10,"BORDER_DOWN":645,"BORDER_LEFT":0,"BORDER_RIGHT":645,"xpos":22,"ypos":20,"speed":7,"nRandoms":0,"whereRandom":-1,"engiwidth":0,"engiheight":0,"speciesName":"Teles","jumlahSkill":1,"fullSkills":false,"cumExp":0,"engiWidth":0,"engiHeight":0}],["entities.engimon.Teles",{"name":"pokemon1","life":3,"level":1,"skills":[{"name":"Jebyur","basePower":100,"masteryLevel":1,"elements":["java.util.EnumSet<enums.Elements>",["WATER"]]},null,null,null],"parents":null,"elements":["java.util.EnumSet<enums.Elements>",["WATER"]],"location":{"x":20,"y":20},"hasParent":false,"exp":0,"cumulative_exp":0,"isTame":true,"engiImg":null,"engiTiles":null,"BORDER_UP":10,"BORDER_DOWN":645,"BORDER_LEFT":0,"BORDER_RIGHT":645,"xpos":20,"ypos":20,"speed":7,"nRandoms":0,"whereRandom":-1,"engiwidth":0,"engiheight":0,"speciesName":"Teles","jumlahSkill":1,"fullSkills":false,"cumExp":0,"engiWidth":0,"engiHeight":0}]]]},"skillItemBag":{"listInventory":["java.util.ArrayList",[{"skillItemId":4,"skill":{"name":"nglamun","basePower":400,"masteryLevel":2,"elements":["java.util.EnumSet<enums.Elements>",["ELECTRIC"]]}},{"skillItemId":2,"skill":{"name":"mangan","basePower":300,"masteryLevel":2,"elements":["java.util.EnumSet<enums.Elements>",["WATER"]]}},{"skillItemId":1,"skill":{"name":"lari","basePower":200,"masteryLevel":2,"elements":["java.util.EnumSet<enums.Elements>",["WATER"]]}},{"skillItemId":3,"skill":{"name":"turu","basePower":200,"masteryLevel":2,"elements":["java.util.EnumSet<enums.Elements>",["WATER"]]}}]],"jumlahTiapItem":["java.util.ArrayList",[1,1,1,1]]},"x_pl":0,"y_pl":0,"playerWidth":0,"playerHeight":0}